,city,state,latitude,longitude
0,Gurgaon,Haryana,77.05505847930908,28.524246963021376
1,Gurgaon,Haryana,77.0485782623291,28.52115501996474
2,Gurgaon,Haryana,77.04347133636475,28.52405843250429
3,Gurgaon,Haryana,77.04334259033203,28.525038787511374
4,Gurgaon,Haryana,77.0416259765625,28.52616995503673
5,Gurgaon,Haryana,77.03896522521973,28.527414225294702
6,Gurgaon,Haryana,77.03205585479736,28.531109244330963
7,Gurgaon,Haryana,77.02476024627684,28.53265508120663
8,Gurgaon,Haryana,77.02205657958984,28.534050085263765
9,Gurgaon,Haryana,77.01840877532959,28.536840037975676
10,Gurgaon,Haryana,77.01634883880615,28.539215209769342
11,Gurgaon,Haryana,77.01347351074219,28.540346225136783
12,Gurgaon,Haryana,77.00531959533691,28.53947911444112
13,Gurgaon,Haryana,77.0017147064209,28.533296031309874
14,Gurgaon,Haryana,77.00141429901122,28.530883022398445
15,Gurgaon,Haryana,77.00840950012207,28.527074880317347
16,Gurgaon,Haryana,77.01064109802246,28.52567978393273
17,Gurgaon,Haryana,77.01458930969238,28.524435493201324
18,Gurgaon,Haryana,77.016863822937,28.521117312782412
19,Gurgaon,Haryana,77.01025485992432,28.51466918629717
20,Gurgaon,Haryana,77.00347423553467,28.516856314323167
21,Gurgaon,Haryana,76.99682235717772,28.519722137556652
22,Gurgaon,Haryana,76.9953203201294,28.51704485771888
23,Gurgaon,Haryana,76.9945478439331,28.517572777433514
24,Gurgaon,Haryana,76.99081420898438,28.513500185475525
25,Gurgaon,Haryana,76.97811126708984,28.521192727133563
26,Gurgaon,Haryana,76.97502136230469,28.51862860893376
27,Gurgaon,Haryana,76.9647216796875,28.512896825142963
28,Gurgaon,Haryana,76.95322036743164,28.505354529765714
29,Gurgaon,Haryana,76.94292068481445,28.50580708269566
30,Gurgaon,Haryana,76.93502426147461,28.51097359104727
31,Gurgaon,Haryana,76.92781448364258,28.510785036797373
32,Gurgaon,Haryana,76.9207763671875,28.50686303198279
33,Gurgaon,Haryana,76.91545486450195,28.511388409210596
34,Gurgaon,Haryana,76.91030502319336,28.51259514368231
35,Gurgaon,Haryana,76.90704345703124,28.513500185475525
36,Gurgaon,Haryana,76.90223693847656,28.50686303198279
37,Gurgaon,Haryana,76.89674377441406,28.506561333264955
38,Gurgaon,Haryana,76.89210891723633,28.500979751364326
39,Gurgaon,Haryana,76.88575744628906,28.501356894577825
40,Gurgaon,Haryana,76.88301086425781,28.4934366040408
41,Gurgaon,Haryana,76.8552017211914,28.47231292388337
42,Gurgaon,Haryana,76.86241149902344,28.436392973656965
43,Gurgaon,Haryana,76.86756134033202,28.40408478754051
44,Gurgaon,Haryana,76.86824798583983,28.382339152322746
45,Gurgaon,Haryana,76.87854766845703,28.35515083653415
46,Gurgaon,Haryana,76.88678741455078,28.327955556164437
47,Gurgaon,Haryana,76.90910339355469,28.30558977794923
48,Gurgaon,Haryana,76.95098876953125,28.278684166612884
49,Gurgaon,Haryana,76.98738098144531,28.279591208078358
50,Gurgaon,Haryana,77.14187622070312,28.327804451828083
51,Gurgaon,Haryana,77.14136123657227,28.35243162183171
52,Gurgaon,Haryana,77.14101791381836,28.388833107785594
53,Gurgaon,Haryana,77.17243194580078,28.405594735421133
54,Gurgaon,Haryana,77.17002868652344,28.411030369596805
55,Gurgaon,Haryana,77.16796875,28.413295134846067
56,Gurgaon,Haryana,77.16419219970702,28.414804951440466
57,Gurgaon,Haryana,77.16586589813232,28.421863058471775
58,Gurgaon,Haryana,77.15972900390625,28.43050576788437
59,Gurgaon,Haryana,77.15616703033447,28.431373773935793
60,Gurgaon,Haryana,77.15178966522217,28.434770250918202
61,Gurgaon,Haryana,77.1491289138794,28.43658166073238
62,Gurgaon,Haryana,77.14694023132324,28.436657135468323
63,Gurgaon,Haryana,77.14256286621094,28.435675959701623
64,Gurgaon,Haryana,77.1344518661499,28.439600608174604
65,Gurgaon,Haryana,77.12741374969482,28.443110026291144
66,Gurgaon,Haryana,77.12638378143309,28.44601558544193
67,Gurgaon,Haryana,77.12239265441895,28.455335476723302
68,Gurgaon,Haryana,77.12097644805908,28.457787943158696
69,Gurgaon,Haryana,77.1199893951416,28.460202623752465
70,Gurgaon,Haryana,77.11655616760254,28.467031343699137
71,Gurgaon,Haryana,77.11235046386719,28.473180586806475
72,Gurgaon,Haryana,77.1141529083252,28.47363327767657
73,Gurgaon,Haryana,77.11458206176758,28.477481071749267
74,Gurgaon,Haryana,77.11522579193115,28.482120872295056
75,Gurgaon,Haryana,77.1176826953888,28.487005645265157
76,Gurgaon,Haryana,77.11947441101073,28.495020709699137
77,Gurgaon,Haryana,77.11569786071777,28.49675565528421
78,Gurgaon,Haryana,77.11217880249023,28.498377426453633
79,Gurgaon,Haryana,77.10514068603516,28.501583179858873
80,Gurgaon,Haryana,77.10352063179015,28.502540172660815
81,Gurgaon,Haryana,77.0979630947113,28.50493497375287
82,Gurgaon,Haryana,77.09583342075348,28.507023309075684
83,Gurgaon,Haryana,77.0989179611206,28.511501541153837
84,Gurgaon,Haryana,77.09458351135254,28.51353789538169
85,Gurgaon,Haryana,77.08969116210938,28.515310245762567
86,Gurgaon,Haryana,77.08012104034424,28.518176111013922
87,Gurgaon,Haryana,77.07471370697021,28.518854857165522
88,Gurgaon,Haryana,77.07226753234863,28.520250043867282
89,Gurgaon,Haryana,77.07170963287354,28.518817149160622
90,Gurgaon,Haryana,77.0676326751709,28.521343555673994
91,Gurgaon,Haryana,77.06355571746825,28.523869901650016
93,Faridabad,Haryana,77.30658531188963,28.490570066704066
94,Faridabad,Haryana,77.27791786193848,28.498188849691104
95,Faridabad,Haryana,77.25997924804688,28.49124899047654
96,Faridabad,Haryana,77.2422981262207,28.484534996831663
97,Faridabad,Haryana,77.22564697265625,28.463786813548225
98,Faridabad,Haryana,77.23989486694336,28.453599850714404
99,Faridabad,Haryana,77.24066734313965,28.428920694985717
100,Faridabad,Haryana,77.21916675567627,28.41756031123736
101,Faridabad,Haryana,77.19869613647461,28.408614566620326
102,Faridabad,Haryana,77.2064208984375,28.374485465612306
103,Faridabad,Haryana,77.21260070800781,28.336417056123253
104,Faridabad,Haryana,77.23182678222656,28.304380682962783
105,Faridabad,Haryana,77.24899291992188,28.295312032591024
106,Faridabad,Haryana,77.26821899414062,28.288661197831768
107,Faridabad,Haryana,77.29207992553711,28.283143712770073
108,Faridabad,Haryana,77.34100341796875,28.287451910503744
109,Faridabad,Haryana,77.37327575683594,28.30317157423517
110,Faridabad,Haryana,77.40726470947266,28.34789944257093
111,Faridabad,Haryana,77.41430282592773,28.42295758907995
112,Faridabad,Haryana,77.4180793762207,28.455712782954933
113,Faridabad,Haryana,77.39730834960938,28.4585802663087
114,Faridabad,Haryana,77.39730834960938,28.471407528887873
115,Faridabad,Haryana,77.37550735473633,28.476387105341445
116,Faridabad,Haryana,77.36400604248047,28.485742038403384
117,Faridabad,Haryana,77.3602294921875,28.498415141765694
118,Faridabad,Haryana,77.34786987304688,28.511840936255435
119,Faridabad,Haryana,77.30658531188963,28.490570066704066
120,Ghaziabad,Uttar Pradesh,77.32340812683105,28.676281039418164
121,Ghaziabad,Uttar Pradesh,77.32327938079834,28.673005302666493
122,Ghaziabad,Uttar Pradesh,77.3232364654541,28.670783767736832
123,Ghaziabad,Uttar Pradesh,77.31122016906738,28.644441811255867
124,Ghaziabad,Uttar Pradesh,77.32898712158203,28.63108942959389
125,Ghaziabad,Uttar Pradesh,77.33308553695679,28.632313625598478
126,Ghaziabad,Uttar Pradesh,77.37876892089844,28.632144122388027
127,Ghaziabad,Uttar Pradesh,77.39456176757812,28.635760131498763
128,Ghaziabad,Uttar Pradesh,77.40074157714844,28.629281360145207
129,Ghaziabad,Uttar Pradesh,77.4093246459961,28.625213090007232
130,Ghaziabad,Uttar Pradesh,77.40554809570311,28.617980220472212
131,Ghaziabad,Uttar Pradesh,77.40434646606445,28.608184915509685
132,Ghaziabad,Uttar Pradesh,77.41138458251953,28.60592433079432
133,Ghaziabad,Uttar Pradesh,77.41413116455078,28.609239838396704
134,Ghaziabad,Uttar Pradesh,77.42340087890625,28.60592433079432
135,Ghaziabad,Uttar Pradesh,77.42408752441406,28.603814407841327
136,Ghaziabad,Uttar Pradesh,77.44022369384766,28.60712998202913
137,Ghaziabad,Uttar Pradesh,77.4452018737793,28.60569826964744
138,Ghaziabad,Uttar Pradesh,77.45018005371094,28.60253336251959
139,Ghaziabad,Uttar Pradesh,77.46125221252441,28.608712378277385
140,Ghaziabad,Uttar Pradesh,77.47172355651855,28.615418459700606
141,Ghaziabad,Uttar Pradesh,77.47811794281006,28.608297943468557
142,Ghaziabad,Uttar Pradesh,77.48704433441162,28.617189095138766
143,Ghaziabad,Uttar Pradesh,77.48206615447998,28.621333018822757
144,Ghaziabad,Uttar Pradesh,77.47876167297363,28.623706283277425
145,Ghaziabad,Uttar Pradesh,77.48528480529785,28.6306374151518
146,Ghaziabad,Uttar Pradesh,77.4924087524414,28.628226638582973
147,Ghaziabad,Uttar Pradesh,77.50202178955078,28.624911730391464
148,Ghaziabad,Uttar Pradesh,77.51386642456055,28.625288429776006
149,Ghaziabad,Uttar Pradesh,77.51772880554199,28.631240100641953
150,Ghaziabad,Uttar Pradesh,77.52270698547363,28.631014093988714
151,Ghaziabad,Uttar Pradesh,77.52708435058594,28.63643811933529
152,Ghaziabad,Uttar Pradesh,77.5198745727539,28.642615140054005
153,Ghaziabad,Uttar Pradesh,77.51983165740967,28.64668273556895
154,Ghaziabad,Uttar Pradesh,77.52965927124023,28.64574117656356
155,Ghaziabad,Uttar Pradesh,77.53429412841797,28.651239761695862
156,Ghaziabad,Uttar Pradesh,77.53755569458008,28.655156386238296
157,Ghaziabad,Uttar Pradesh,77.53764152526855,28.667319585385524
158,Ghaziabad,Uttar Pradesh,77.53755569458008,28.676130433078256
159,Ghaziabad,Uttar Pradesh,77.5374698638916,28.679594324113783
160,Ghaziabad,Uttar Pradesh,77.53798484802246,28.68757589776321
161,Ghaziabad,Uttar Pradesh,77.55558013916016,28.68930766832922
162,Ghaziabad,Uttar Pradesh,77.55781173706053,28.690437068483927
163,Ghaziabad,Uttar Pradesh,77.54236221313475,28.714076380995902
164,Ghaziabad,Uttar Pradesh,77.4762725830078,28.733646291471715
165,Ghaziabad,Uttar Pradesh,77.46803283691405,28.72672197269823
166,Ghaziabad,Uttar Pradesh,77.42305755615234,28.744784450344994
167,Ghaziabad,Uttar Pradesh,77.37876892089844,28.73063577445635
168,Ghaziabad,Uttar Pradesh,77.33413696289062,28.726420904954814
169,Ghaziabad,Uttar Pradesh,77.30838775634766,28.76856194978752
170,Ghaziabad,Uttar Pradesh,77.30358123779297,28.798652282437608
171,Ghaziabad,Uttar Pradesh,77.29757308959961,28.79609494180401
172,Ghaziabad,Uttar Pradesh,77.29413986206055,28.808730602173277
173,Ghaziabad,Uttar Pradesh,77.28856086730957,28.8299370156698
174,Ghaziabad,Uttar Pradesh,77.27705955505371,28.83888452551883
175,Ghaziabad,Uttar Pradesh,77.25234031677246,28.836553735704708
176,Ghaziabad,Uttar Pradesh,77.2477912902832,28.829561053038685
177,Ghaziabad,Uttar Pradesh,77.23440170288086,28.82644051079312
178,Ghaziabad,Uttar Pradesh,77.21753597259521,28.83531313274091
179,Ghaziabad,Uttar Pradesh,77.21354484558105,28.813543784042913
180,Ghaziabad,Uttar Pradesh,77.19483375549316,28.815160662422887
181,Ghaziabad,Uttar Pradesh,77.19436168670654,28.802224932670264
182,Ghaziabad,Uttar Pradesh,77.20273017883301,28.78951326196631
183,Ghaziabad,Uttar Pradesh,77.22478866577148,28.787519871241077
184,Ghaziabad,Uttar Pradesh,77.21710681915283,28.781802765727463
185,Ghaziabad,Uttar Pradesh,77.23774909973145,28.75923218416008
186,Ghaziabad,Uttar Pradesh,77.25319862365723,28.752761050537202
187,Ghaziabad,Uttar Pradesh,77.25633144378662,28.73993046626967
188,Ghaziabad,Uttar Pradesh,77.25993633270264,28.73804901644651
189,Ghaziabad,Uttar Pradesh,77.27688789367676,28.73451179906375
190,Ghaziabad,Uttar Pradesh,77.28482723236084,28.71275904391691
191,Ghaziabad,Uttar Pradesh,77.32366561889647,28.71577007571777
192,Ghaziabad,Uttar Pradesh,77.31971740722655,28.70383835346197
193,Ghaziabad,Uttar Pradesh,77.33078956604004,28.688366492227118
194,Ghaziabad,Uttar Pradesh,77.3322057723999,28.682832205624614
195,Ghaziabad,Uttar Pradesh,77.32435226440428,28.679029567086562
196,Ghaziabad,Uttar Pradesh,77.32340812683105,28.676281039418164
197,Noida,Uttar Pradesh,77.29401111602783,28.57487404744697
198,Noida,Uttar Pradesh,77.29383945465088,28.579735680241054
199,Noida,Uttar Pradesh,77.30701446533203,28.596730785197806
200,Noida,Uttar Pradesh,77.33617544174193,28.608750054088024
201,Noida,Uttar Pradesh,77.33441591262817,28.626964725645568
202,Noida,Uttar Pradesh,77.32898712158203,28.63108942959389
203,Noida,Uttar Pradesh,77.3331069946289,28.632313625598478
204,Noida,Uttar Pradesh,77.37876892089844,28.632144122388027
205,Noida,Uttar Pradesh,77.39456176757812,28.63568479924653
206,Noida,Uttar Pradesh,77.40074157714844,28.629281360145207
207,Noida,Uttar Pradesh,77.4093246459961,28.625213090007232
208,Noida,Uttar Pradesh,77.40554809570311,28.617980220472212
209,Noida,Uttar Pradesh,77.40434646606445,28.608184915509685
210,Noida,Uttar Pradesh,77.411470413208,28.60592433079432
211,Noida,Uttar Pradesh,77.4140453338623,28.609164487113226
212,Noida,Uttar Pradesh,77.41868019104004,28.607657450093573
213,Noida,Uttar Pradesh,77.42331504821776,28.60592433079432
214,Noida,Uttar Pradesh,77.42408752441406,28.603814407841327
215,Noida,Uttar Pradesh,77.42383003234863,28.59831333805973
216,Noida,Uttar Pradesh,77.42202758789062,28.59567573671796
217,Noida,Uttar Pradesh,77.41936683654784,28.594696039360965
218,Noida,Uttar Pradesh,77.41670608520508,28.592359801121567
219,Noida,Uttar Pradesh,77.41507530212402,28.58670739707127
220,Noida,Uttar Pradesh,77.41284370422363,28.583617287722422
221,Noida,Uttar Pradesh,77.41378784179686,28.579773366439284
222,Noida,Uttar Pradesh,77.41945266723633,28.575778554282415
223,Noida,Uttar Pradesh,77.42280006408691,28.57283887863218
224,Noida,Uttar Pradesh,77.42314338684082,28.5702760174544
225,Noida,Uttar Pradesh,77.42013931274414,28.566506990553407
226,Noida,Uttar Pradesh,77.41576194763182,28.564773192846978
227,Noida,Uttar Pradesh,77.4232292175293,28.560853197090214
228,Noida,Uttar Pradesh,77.42743492126465,28.555802218093252
229,Noida,Uttar Pradesh,77.42752075195312,28.550750996758172
230,Noida,Uttar Pradesh,77.42563247680663,28.550901782993332
231,Noida,Uttar Pradesh,77.42151260375977,28.553389724700374
232,Noida,Uttar Pradesh,77.41876602172852,28.55188188825899
233,Noida,Uttar Pradesh,77.42185592651367,28.543513003567337
234,Noida,Uttar Pradesh,77.42383003234863,28.540120023034692
235,Noida,Uttar Pradesh,77.42786407470703,28.538008779994133
236,Noida,Uttar Pradesh,77.43404388427734,28.536802336404374
237,Noida,Uttar Pradesh,77.43438720703125,28.533182922751397
238,Noida,Uttar Pradesh,77.43267059326172,28.52843225367177
239,Noida,Uttar Pradesh,77.43395805358887,28.51440521950231
240,Noida,Uttar Pradesh,77.4374771118164,28.511388409210596
241,Noida,Uttar Pradesh,77.43807792663574,28.509201167791108
242,Noida,Uttar Pradesh,77.43618965148926,28.505882507995253
243,Noida,Uttar Pradesh,77.43438720703125,28.50331801755849
244,Noida,Uttar Pradesh,77.43490219116211,28.501658608178058
245,Noida,Uttar Pradesh,77.43902206420898,28.501055180114868
246,Noida,Uttar Pradesh,77.44606018066406,28.5040722859223
247,Noida,Uttar Pradesh,77.44700431823729,28.506410483582485
248,Noida,Uttar Pradesh,77.44872093200684,28.50693845652742
249,Noida,Uttar Pradesh,77.44966506958008,28.506033358432656
250,Noida,Uttar Pradesh,77.44786262512207,28.50384600597934
251,Noida,Uttar Pradesh,77.44906425476074,28.500376319419054
252,Noida,Uttar Pradesh,77.45361328125,28.501583179858873
253,Noida,Uttar Pradesh,77.45893478393555,28.501130608811497
254,Noida,Uttar Pradesh,77.46331214904785,28.497736264086303
255,Noida,Uttar Pradesh,77.46339797973633,28.492757694338056
256,Noida,Uttar Pradesh,77.46580123901367,28.49192790988262
257,Noida,Uttar Pradesh,77.4704360961914,28.492531390133443
258,Noida,Uttar Pradesh,77.46545791625977,28.4896648282154
259,Noida,Uttar Pradesh,77.45773315429688,28.474727272604017
260,Noida,Uttar Pradesh,77.44511604309082,28.4812910042393
261,Noida,Uttar Pradesh,77.4312973022461,28.472614720490967
262,Noida,Uttar Pradesh,77.4148178100586,28.47714156614553
263,Noida,Uttar Pradesh,77.41172790527344,28.469898519986636
264,Noida,Uttar Pradesh,77.41790771484375,28.455712782954933
265,Noida,Uttar Pradesh,77.39730834960938,28.458429348071338
266,Noida,Uttar Pradesh,77.39730834960938,28.471558428592605
267,Noida,Uttar Pradesh,77.37533569335938,28.476236212533962
268,Noida,Uttar Pradesh,77.36400604248047,28.48589291762964
269,Noida,Uttar Pradesh,77.3602294921875,28.498264280436544
270,Noida,Uttar Pradesh,77.33572483062744,28.524887964257534
271,Noida,Uttar Pradesh,77.29847431182861,28.557121527035488
272,Noida,Uttar Pradesh,77.29401111602783,28.57487404744697
273,Greater Noida,Uttar Pradesh,77.47026443481445,28.492531390133443
274,Greater Noida,Uttar Pradesh,77.46562957763672,28.49207878026877
275,Greater Noida,Uttar Pradesh,77.46339797973633,28.492380520394168
276,Greater Noida,Uttar Pradesh,77.46339797973633,28.497660832963472
277,Greater Noida,Uttar Pradesh,77.45893478393555,28.501130608811497
278,Greater Noida,Uttar Pradesh,77.45361328125,28.501583179858873
279,Greater Noida,Uttar Pradesh,77.44932174682617,28.500376319419054
280,Greater Noida,Uttar Pradesh,77.4481201171875,28.503544298633805
281,Greater Noida,Uttar Pradesh,77.44983673095703,28.506108783570472
282,Greater Noida,Uttar Pradesh,77.43490219116211,28.501432323058758
283,Greater Noida,Uttar Pradesh,77.43799209594727,28.511539251774604
284,Greater Noida,Uttar Pradesh,77.4342155456543,28.514254381037176
285,Greater Noida,Uttar Pradesh,77.43249893188477,28.528583071854328
286,Greater Noida,Uttar Pradesh,77.43438720703125,28.536877739533463
287,Greater Noida,Uttar Pradesh,77.42374420166016,28.54019542378936
288,Greater Noida,Uttar Pradesh,77.41859436035156,28.55165571093047
289,Greater Noida,Uttar Pradesh,77.42734909057617,28.550147849658316
290,Greater Noida,Uttar Pradesh,77.42734909057617,28.555726828511467
291,Greater Noida,Uttar Pradesh,77.4232292175293,28.561003968857413
292,Greater Noida,Uttar Pradesh,77.41601943969727,28.564471659895275
293,Greater Noida,Uttar Pradesh,77.4232292175293,28.570200638239395
294,Greater Noida,Uttar Pradesh,77.41945266723633,28.57608005483261
295,Greater Noida,Uttar Pradesh,77.41275787353516,28.583768026870615
296,Greater Noida,Uttar Pradesh,77.41704940795898,28.591907619981107
297,Greater Noida,Uttar Pradesh,77.42443084716797,28.598087260538414
298,Greater Noida,Uttar Pradesh,77.42460250854492,28.603814407841327
299,Greater Noida,Uttar Pradesh,77.44039535522461,28.606979276381438
300,Greater Noida,Uttar Pradesh,77.44503021240233,28.60562291582374
301,Greater Noida,Uttar Pradesh,77.45000839233398,28.60245800642607
302,Greater Noida,Uttar Pradesh,77.46133804321289,28.608637026615575
303,Greater Noida,Uttar Pradesh,77.47180938720703,28.615418459700606
304,Greater Noida,Uttar Pradesh,77.4781608581543,28.608184915509685
305,Greater Noida,Uttar Pradesh,77.48725891113281,28.616925385369825
306,Greater Noida,Uttar Pradesh,77.51558303833008,28.590852523089378
307,Greater Noida,Uttar Pradesh,77.5550651550293,28.552560417329666
308,Greater Noida,Uttar Pradesh,77.53515243530273,28.54079862788394
309,Greater Noida,Uttar Pradesh,77.60450363159178,28.45963668793731
310,Greater Noida,Uttar Pradesh,77.61411666870117,28.445600510450063
311,Greater Noida,Uttar Pradesh,77.60055541992186,28.437751513089268
312,Greater Noida,Uttar Pradesh,77.58527755737305,28.435940123303098
313,Greater Noida,Uttar Pradesh,77.56776809692383,28.40816159742839
314,Greater Noida,Uttar Pradesh,77.54493713378906,28.387171901223986
315,Greater Noida,Uttar Pradesh,77.52107620239258,28.3545465726189
316,Greater Noida,Uttar Pradesh,77.50631332397461,28.420542058185138
317,Greater Noida,Uttar Pradesh,77.4949836730957,28.42793944748537
318,Greater Noida,Uttar Pradesh,77.49618530273438,28.43065672596994
319,Greater Noida,Uttar Pradesh,77.49944686889648,28.443638315709894
320,Greater Noida,Uttar Pradesh,77.49549865722656,28.446807996811977
321,Greater Noida,Uttar Pradesh,77.49155044555664,28.446506126513928
322,Greater Noida,Uttar Pradesh,77.48863220214844,28.44937385955666
323,Greater Noida,Uttar Pradesh,77.48880386352539,28.45646739137846
324,Greater Noida,Uttar Pradesh,77.48262405395508,28.459938520749134
325,Greater Noida,Uttar Pradesh,77.47884750366211,28.458882102137068
326,Greater Noida,Uttar Pradesh,77.47644424438477,28.460994928803107
327,Greater Noida,Uttar Pradesh,77.4807357788086,28.462956801462678
328,Greater Noida,Uttar Pradesh,77.47867584228516,28.467634966225
329,Greater Noida,Uttar Pradesh,77.46871948242188,28.464767728517913
330,Greater Noida,Uttar Pradesh,77.46545791625977,28.46823858530271
331,Greater Noida,Uttar Pradesh,77.4620246887207,28.472463822294937
332,Greater Noida,Uttar Pradesh,77.46528625488281,28.476990674415823
333,Greater Noida,Uttar Pradesh,77.46597290039062,28.473067413785838
334,Greater Noida,Uttar Pradesh,77.47112274169922,28.475934426272353
335,Greater Noida,Uttar Pradesh,77.47404098510742,28.48061201643414
336,Greater Noida,Uttar Pradesh,77.47163772583008,28.483931470871585
337,Greater Noida,Uttar Pradesh,77.46545791625977,28.484987639037996
338,Greater Noida,Uttar Pradesh,77.4697494506836,28.486496432378797
339,Greater Noida,Uttar Pradesh,77.47163772583008,28.490570066704066
340,Greater Noida,Uttar Pradesh,77.47764587402344,28.489212206060223
341,Greater Noida,Uttar Pradesh,77.47901916503906,28.492229650439278
342,Greater Noida,Uttar Pradesh,77.47026443481445,28.492531390133443
343,South Delhi,Delhi,77.1176826953888,28.48699621541921
344,South Delhi,Delhi,77.12611556053162,28.4846858777827
345,South Delhi,Delhi,77.12888360023499,28.484657587620813
346,South Delhi,Delhi,77.1313190460205,28.485742038403384
347,South Delhi,Delhi,77.13376522064209,28.484846188556958
348,South Delhi,Delhi,77.13421583175659,28.48530825942686
349,South Delhi,Delhi,77.1362543106079,28.484544426897422
350,South Delhi,Delhi,77.1364688873291,28.48472359798678
351,South Delhi,Delhi,77.14020252227783,28.482611245808204
352,South Delhi,Delhi,77.14380741119383,28.4812910042393
353,South Delhi,Delhi,77.14462280273438,28.48400691180523
354,South Delhi,Delhi,77.14552402496338,28.48970254664074
355,South Delhi,Delhi,77.1465539932251,28.489928856909753
356,South Delhi,Delhi,77.1483564376831,28.49271997700431
357,South Delhi,Delhi,77.14573860168457,28.493474321118473
358,South Delhi,Delhi,77.14367866516113,28.49800027259164
359,South Delhi,Delhi,77.14797019958496,28.499584309754162
360,South Delhi,Delhi,77.15269088745116,28.50094203696885
361,South Delhi,Delhi,77.15573787689209,28.501394608825034
362,South Delhi,Delhi,77.16050148010254,28.501507751485775
363,South Delhi,Delhi,77.16796875,28.502865453951983
364,South Delhi,Delhi,77.17294692993164,28.50456255746725
365,South Delhi,Delhi,77.17556476593018,28.507994394490268
366,South Delhi,Delhi,77.17316150665283,28.509201167791108
367,South Delhi,Delhi,77.17101573944092,28.510257083104467
368,South Delhi,Delhi,77.17298984527588,28.516215264256132
369,South Delhi,Delhi,77.17153072357178,28.516894023029266
370,South Delhi,Delhi,77.17002868652344,28.517648194319825
371,South Delhi,Delhi,77.17135906219482,28.519646722153674
372,South Delhi,Delhi,77.16895580291748,28.519986091042362
373,South Delhi,Delhi,77.16934204101562,28.522210815594185
374,South Delhi,Delhi,77.16844081878662,28.52236164267815
375,South Delhi,Delhi,77.1734619140625,28.536538425027654
376,South Delhi,Delhi,77.17908382415771,28.545435644024202
377,South Delhi,Delhi,77.18067169189453,28.54935621384717
378,South Delhi,Delhi,77.18260288238524,28.55139183676649
379,South Delhi,Delhi,77.1841049194336,28.549808577896517
380,South Delhi,Delhi,77.18831062316895,28.560476266727374
381,South Delhi,Delhi,77.19380378723145,28.558704675942085
382,South Delhi,Delhi,77.1971082687378,28.55855390088151
383,South Delhi,Delhi,77.20032691955566,28.55776232827053
384,South Delhi,Delhi,77.20045566558838,28.55629224905893
385,South Delhi,Delhi,77.20285892486572,28.55504831984616
386,South Delhi,Delhi,77.20715045928955,28.556970749707457
387,South Delhi,Delhi,77.20757961273192,28.563190135212427
388,South Delhi,Delhi,77.2089099884033,28.56940915322155
389,South Delhi,Delhi,77.20938205718994,28.573366518772037
390,South Delhi,Delhi,77.21139907836914,28.579999483345077
391,South Delhi,Delhi,77.21260070800781,28.584559403853593
392,South Delhi,Delhi,77.21272945404053,28.58928869928918
393,South Delhi,Delhi,77.21515417098998,28.58940174757279
394,South Delhi,Delhi,77.22408056259155,28.590626429520587
395,South Delhi,Delhi,77.23358631134032,28.59220907429087
396,South Delhi,Delhi,77.23465919494629,28.59251052773616
397,South Delhi,Delhi,77.23195552825928,28.59480908182973
398,South Delhi,Delhi,77.23191261291504,28.602326133132333
399,South Delhi,Delhi,77.23998069763184,28.607544421445567
400,South Delhi,Delhi,77.23955154418945,28.61308268218122
401,South Delhi,Delhi,77.24710464477539,28.612856636438657
402,South Delhi,Delhi,77.25013017654419,28.61310151930448
403,South Delhi,Delhi,77.24813461303711,28.620541918749836
404,South Delhi,Delhi,77.2402811050415,28.63014773064269
405,South Delhi,Delhi,77.25723266601562,28.614363598866465
406,South Delhi,Delhi,77.29381799697876,28.579735680241054
407,South Delhi,Delhi,77.29401111602783,28.574911735387047
408,South Delhi,Delhi,77.29851722717285,28.557121527035488
409,South Delhi,Delhi,77.3233652114868,28.535445070853633
410,South Delhi,Delhi,77.3358964920044,28.524548611147452
411,South Delhi,Delhi,77.34791278839111,28.511840936255435
412,South Delhi,Delhi,77.30662822723389,28.49060778480598
413,South Delhi,Delhi,77.2779607772827,28.498151134298183
414,South Delhi,Delhi,77.24238395690918,28.484648157565154
415,South Delhi,Delhi,77.22568988800047,28.46386226886912
416,South Delhi,Delhi,77.23980903625487,28.45348665672414
417,South Delhi,Delhi,77.24075317382812,28.428882954865486
418,South Delhi,Delhi,77.21916675567627,28.417522567066957
419,South Delhi,Delhi,77.19869613647461,28.408690061297328
420,South Delhi,Delhi,77.18552112579346,28.40895429224313
421,South Delhi,Delhi,77.18225955963133,28.40936951096915
422,South Delhi,Delhi,77.17878341674805,28.408010607267308
423,South Delhi,Delhi,77.17423439025879,28.40465102051764
424,South Delhi,Delhi,77.17238903045654,28.405405993112947
425,South Delhi,Delhi,77.17131614685059,28.408274839907964
426,South Delhi,Delhi,77.17045783996582,28.411030369596805
427,South Delhi,Delhi,77.16801166534424,28.413257389155437
428,South Delhi,Delhi,77.1641492843628,28.41484269657954
429,South Delhi,Delhi,77.16590881347656,28.421863058471775
430,South Delhi,Delhi,77.15972900390625,28.43050576788437
431,South Delhi,Delhi,77.15620994567871,28.431411513167834
432,South Delhi,Delhi,77.1518325805664,28.4346947748363
433,South Delhi,Delhi,77.1491289138794,28.43658166073238
434,South Delhi,Delhi,77.14698314666748,28.436657135468323
435,South Delhi,Delhi,77.14256286621094,28.435675959701623
436,South Delhi,Delhi,77.1344518661499,28.439600608174604
437,South Delhi,Delhi,77.12745666503906,28.443147761337123
438,South Delhi,Delhi,77.12642669677734,28.44601558544193
439,South Delhi,Delhi,77.12440967559813,28.450807696915962
440,South Delhi,Delhi,77.12243556976317,28.45537320740706
441,South Delhi,Delhi,77.12101936340332,28.457787943158696
442,South Delhi,Delhi,77.11822986602783,28.46363590274478
443,South Delhi,Delhi,77.11659908294678,28.466993617176765
444,South Delhi,Delhi,77.11239337921143,28.473180586806475
445,South Delhi,Delhi,77.1141529083252,28.47355782933292
446,South Delhi,Delhi,77.11526870727539,28.48215859341539
447,South Delhi,Delhi,77.1176826953888,28.48699621541921
448,South West Delhi,Delhi,76.90863132476807,28.62705889877666
449,South West Delhi,Delhi,76.90661430358887,28.623781624127563
450,South West Delhi,Delhi,76.89313888549805,28.631353103786086
451,South West Delhi,Delhi,76.88936233520508,28.631767447606855
452,South West Delhi,Delhi,76.87421321868896,28.604907051803032
453,South West Delhi,Delhi,76.87172412872314,28.60298549794596
454,South West Delhi,Delhi,76.86914920806885,28.593640970456715
455,South West Delhi,Delhi,76.86464309692383,28.585652247991344
456,South West Delhi,Delhi,76.84627532958984,28.58478551046912
457,South West Delhi,Delhi,76.83945178985596,28.582486737223658
458,South West Delhi,Delhi,76.83889389038086,28.573027321843064
459,South West Delhi,Delhi,76.84018135070801,28.57144438838121
460,South West Delhi,Delhi,76.84009552001953,28.569710672025636
461,South West Delhi,Delhi,76.84237003326416,28.562662444042807
462,South West Delhi,Delhi,76.84391498565672,28.561870902327758
463,South West Delhi,Delhi,76.84391498565672,28.556443027358736
464,South West Delhi,Delhi,76.84545993804932,28.554181330188264
465,South West Delhi,Delhi,76.84601783752441,28.55007245602794
466,South West Delhi,Delhi,76.85601711273193,28.54705666655174
467,South West Delhi,Delhi,76.86086654663086,28.545586437869947
468,South West Delhi,Delhi,76.86451435089111,28.543739198383797
469,South West Delhi,Delhi,76.86644554138184,28.54143952845002
470,South West Delhi,Delhi,76.86769008636475,28.536010600291153
471,South West Delhi,Delhi,76.87352657318115,28.53299440821749
472,South West Delhi,Delhi,76.8742561340332,28.528922411976097
473,South West Delhi,Delhi,76.87691688537598,28.524887964257534
474,South West Delhi,Delhi,76.88708782196045,28.520136921308943
475,South West Delhi,Delhi,76.88039302825926,28.505467668180213
476,South West Delhi,Delhi,76.88592910766602,28.502563743802575
477,South West Delhi,Delhi,76.88571453094482,28.501356894577825
478,South West Delhi,Delhi,76.89210891723633,28.500979751364326
479,South West Delhi,Delhi,76.89674377441406,28.50659904565187
480,South West Delhi,Delhi,76.90219402313232,28.506825319690247
481,South West Delhi,Delhi,76.90700054168701,28.513500185475525
482,South West Delhi,Delhi,76.91026210784912,28.5126328539121
483,South West Delhi,Delhi,76.91545486450195,28.511388409210596
484,South West Delhi,Delhi,76.9207763671875,28.50686303198279
485,South West Delhi,Delhi,76.92785739898682,28.510785036797373
486,South West Delhi,Delhi,76.93511009216309,28.510935880224274
487,South West Delhi,Delhi,76.94292068481445,28.505731657342153
488,South West Delhi,Delhi,76.95322036743164,28.505354529765714
489,South West Delhi,Delhi,76.9647216796875,28.512934535264865
490,South West Delhi,Delhi,76.97510719299315,28.51862860893376
491,South West Delhi,Delhi,76.97811126708984,28.5212304342889
492,South West Delhi,Delhi,76.99081420898438,28.513500185475525
493,South West Delhi,Delhi,76.9945478439331,28.517459652002856
494,South West Delhi,Delhi,76.99536323547363,28.51704485771888
495,South West Delhi,Delhi,76.9967794418335,28.519684429861893
496,South West Delhi,Delhi,77.00347423553467,28.516780896870465
497,South West Delhi,Delhi,77.01025485992432,28.51466918629717
498,South West Delhi,Delhi,77.01694965362549,28.521117312782412
499,South West Delhi,Delhi,77.01454639434814,28.524435493201324
500,South West Delhi,Delhi,77.0106840133667,28.525642078368765
501,South West Delhi,Delhi,77.00840950012207,28.527074880317347
502,South West Delhi,Delhi,77.00137138366699,28.530883022398445
503,South West Delhi,Delhi,77.0017147064209,28.533296031309874
504,South West Delhi,Delhi,77.00531959533691,28.539441413814192
505,South West Delhi,Delhi,77.01004028320312,28.540459326005724
506,South West Delhi,Delhi,77.01343059539795,28.54042162572957
507,South West Delhi,Delhi,77.01639175415039,28.53925291047721
508,South West Delhi,Delhi,77.01840877532959,28.536840037975676
509,South West Delhi,Delhi,77.02209949493408,28.534087787819818
510,South West Delhi,Delhi,77.0248031616211,28.53265508120663
511,South West Delhi,Delhi,77.03201293945312,28.53107154070925
512,South West Delhi,Delhi,77.03892230987549,28.527451930224746
513,South West Delhi,Delhi,77.04158306121826,28.5262453657735
514,South West Delhi,Delhi,77.04334259033203,28.525076493291106
515,South West Delhi,Delhi,77.04355716705322,28.524096138634672
516,South West Delhi,Delhi,77.0485782623291,28.521192727133563
517,South West Delhi,Delhi,77.05505847930908,28.524246963021376
518,South West Delhi,Delhi,77.06355571746825,28.523832195438693
519,South West Delhi,Delhi,77.06758975982666,28.521343555673994
520,South West Delhi,Delhi,77.07170963287354,28.518854857165522
521,South West Delhi,Delhi,77.07226753234863,28.520250043867282
522,South West Delhi,Delhi,77.07475662231444,28.51889256515696
523,South West Delhi,Delhi,77.08012104034424,28.518213819248054
524,South West Delhi,Delhi,77.08969116210938,28.515310245762567
525,South West Delhi,Delhi,77.09458351135254,28.51353789538169
526,South West Delhi,Delhi,77.0989179611206,28.511501541153837
527,South West Delhi,Delhi,77.09583342075348,28.507018595047022
528,South West Delhi,Delhi,77.0979630947113,28.50493497375287
529,South West Delhi,Delhi,77.10352063179015,28.502540172660815
530,South West Delhi,Delhi,77.10514068603516,28.501583179858873
531,South West Delhi,Delhi,77.11217880249023,28.498415141765694
532,South West Delhi,Delhi,77.11569786071777,28.49679337117582
533,South West Delhi,Delhi,77.11766123771666,28.495841040785578
534,South West Delhi,Delhi,77.11947441101073,28.49501128056912
535,South West Delhi,Delhi,77.11859464645386,28.491013253550378
536,South West Delhi,Delhi,77.1176826953888,28.48699621541921
537,South West Delhi,Delhi,77.12611556053162,28.484676447729584
538,South West Delhi,Delhi,77.12889432907104,28.4846858777827
539,South West Delhi,Delhi,77.13132977485657,28.485742038403384
540,South West Delhi,Delhi,77.13378667831421,28.484827328478488
541,South West Delhi,Delhi,77.13422656059265,28.48530825942686
542,South West Delhi,Delhi,77.13624358177185,28.484553856962314
543,South West Delhi,Delhi,77.1364688873291,28.48472359798678
544,South West Delhi,Delhi,77.13833570480347,28.4836768573226
545,South West Delhi,Delhi,77.14020252227783,28.48262067604574
546,South West Delhi,Delhi,77.14380741119383,28.4812910042393
547,South West Delhi,Delhi,77.14462280273438,28.48400691180523
548,South West Delhi,Delhi,77.14552402496338,28.48970254664074
549,South West Delhi,Delhi,77.1465539932251,28.489928856909753
550,South West Delhi,Delhi,77.14831352233887,28.49271997700431
551,South West Delhi,Delhi,77.14573860168457,28.493474321118473
552,South West Delhi,Delhi,77.14367866516113,28.498037988038504
553,South West Delhi,Delhi,77.1480131149292,28.499584309754162
554,South West Delhi,Delhi,77.15269088745116,28.500979751364326
555,South West Delhi,Delhi,77.15573787689209,28.501432323058758
556,South West Delhi,Delhi,77.1604585647583,28.501507751485775
557,South West Delhi,Delhi,77.16792583465576,28.50282774023048
558,South West Delhi,Delhi,77.17294692993164,28.504600270568645
559,South West Delhi,Delhi,77.17556476593018,28.507994394490268
560,South West Delhi,Delhi,77.17320442199707,28.509201167791108
561,South West Delhi,Delhi,77.17101573944092,28.51021937202529
562,South West Delhi,Delhi,77.1720027923584,28.513198505740693
563,South West Delhi,Delhi,77.17298984527588,28.516177555307294
564,South West Delhi,Delhi,77.17157363891602,28.516931731721904
565,South West Delhi,Delhi,77.17002868652344,28.517648194319825
566,South West Delhi,Delhi,77.17140197753906,28.51960901443192
567,South West Delhi,Delhi,77.16895580291748,28.519948383442003
568,South West Delhi,Delhi,77.16934204101562,28.522173108789474
569,South West Delhi,Delhi,77.16844081878662,28.52236164267815
570,South West Delhi,Delhi,77.17097282409668,28.529487976417858
571,South West Delhi,Delhi,77.1734619140625,28.536538425027654
572,South West Delhi,Delhi,77.17908382415771,28.545397945529032
573,South West Delhi,Delhi,77.18067169189453,28.549318516755335
574,South West Delhi,Delhi,77.18255996704102,28.55142953311611
575,South West Delhi,Delhi,77.1841049194336,28.549846274812907
576,South West Delhi,Delhi,77.18839645385742,28.560438573616835
577,South West Delhi,Delhi,77.1937608718872,28.55874236967347
578,South West Delhi,Delhi,77.19715118408203,28.558516207082622
579,South West Delhi,Delhi,77.20028400421143,28.55772463418819
580,South West Delhi,Delhi,77.20049858093262,28.556254554450224
581,South West Delhi,Delhi,77.20285892486572,28.55504831984616
582,South West Delhi,Delhi,77.20719337463379,28.55693305534169
583,South West Delhi,Delhi,77.20762252807617,28.563190135212427
584,South West Delhi,Delhi,77.2089099884033,28.56937146331029
585,South West Delhi,Delhi,77.20938205718994,28.573366518772037
586,South West Delhi,Delhi,77.21139907836914,28.580037169448754
587,South West Delhi,Delhi,77.21260070800781,28.584521719370393
588,South West Delhi,Delhi,77.21272945404053,28.58928869928918
589,South West Delhi,Delhi,77.21264362335205,28.59134239082034
590,South West Delhi,Delhi,77.20953226089478,28.591172821479496
591,South West Delhi,Delhi,77.20740795135498,28.59575109767488
592,South West Delhi,Delhi,77.20431804656981,28.596429343855675
593,South West Delhi,Delhi,77.19933986663818,28.59586413900895
594,South West Delhi,Delhi,77.1959924697876,28.595336611743136
595,South West Delhi,Delhi,77.19582080841064,28.59081484086168
596,South West Delhi,Delhi,77.19079971313477,28.581827243819948
597,South West Delhi,Delhi,77.18543529510498,28.58308969900216
598,South West Delhi,Delhi,77.1750497817993,28.587216125880108
599,South West Delhi,Delhi,77.16876268386841,28.596391663627116
600,South West Delhi,Delhi,77.18101501464844,28.624478524428174
601,South West Delhi,Delhi,77.17238903045654,28.63412164280861
602,South West Delhi,Delhi,77.15254068374634,28.654158414066416
603,South West Delhi,Delhi,77.13191986083984,28.630336071108864
604,South West Delhi,Delhi,77.1295166015625,28.63643811933529
605,South West Delhi,Delhi,77.1049690246582,28.612781287749673
606,South West Delhi,Delhi,77.09707260131836,28.60878772988515
607,South West Delhi,Delhi,77.08179473876953,28.615267765944424
608,South West Delhi,Delhi,77.06514358520508,28.623404919336203
609,South West Delhi,Delhi,77.06063747406006,28.61782953039201
610,South West Delhi,Delhi,77.05729007720947,28.61726444066539
611,South West Delhi,Delhi,77.05274105072021,28.61767884009556
612,South West Delhi,Delhi,77.05141067504881,28.615719846564314
613,South West Delhi,Delhi,77.05441474914551,28.61101057799831
614,South West Delhi,Delhi,77.05364227294922,28.608637026615575
615,South West Delhi,Delhi,77.05201148986816,28.60712998202913
616,South West Delhi,Delhi,77.04952239990234,28.60709230563747
617,South West Delhi,Delhi,77.04905033111572,28.605585238891614
618,South West Delhi,Delhi,77.04720497131348,28.60539685402836
619,South West Delhi,Delhi,77.04660415649414,28.607054629232294
620,South West Delhi,Delhi,77.03965187072754,28.606979276381438
621,South West Delhi,Delhi,77.03651905059814,28.603098531498564
622,South West Delhi,Delhi,77.03295707702637,28.613873838449095
623,South West Delhi,Delhi,77.0332145690918,28.61564449992946
624,South West Delhi,Delhi,77.03407287597656,28.61643563689913
625,South West Delhi,Delhi,77.0313262939453,28.618281599983852
626,South West Delhi,Delhi,77.02832221984863,28.620052187146232
627,South West Delhi,Delhi,77.01287269592285,28.62430900856464
628,South West Delhi,Delhi,77.00849533081055,28.623404919336203
629,South West Delhi,Delhi,77.00231552124023,28.638020073917573
630,South West Delhi,Delhi,77.0015001296997,28.641786536444656
631,South West Delhi,Delhi,76.99952602386475,28.64713468088927
632,South West Delhi,Delhi,76.99961185455322,28.649620345339766
633,South West Delhi,Delhi,77.00180053710938,28.651352743299093
634,South West Delhi,Delhi,76.99810981750487,28.65319809225397
635,South West Delhi,Delhi,76.99549198150633,28.654177243817966
636,South West Delhi,Delhi,76.9947624206543,28.65526936362149
637,South West Delhi,Delhi,76.99283123016357,28.656323813327337
638,South West Delhi,Delhi,76.99304580688477,28.658206732853312
639,South West Delhi,Delhi,76.98845386505127,28.660654477678438
640,South West Delhi,Delhi,76.97987079620361,28.654252562790315
641,South West Delhi,Delhi,76.97729587554932,28.6573405940715
642,South West Delhi,Delhi,76.9740343093872,28.65737825242822
643,South West Delhi,Delhi,76.97103023529053,28.658206732853312
644,South West Delhi,Delhi,76.97107315063477,28.65877160211658
645,South West Delhi,Delhi,76.96691036224365,28.659750701629424
646,South West Delhi,Delhi,76.96296215057373,28.661144019784825
647,South West Delhi,Delhi,76.95064544677734,28.669428231759998
648,South West Delhi,Delhi,76.95107460021973,28.670557846291825
649,South West Delhi,Delhi,76.94888591766357,28.671273262529922
650,South West Delhi,Delhi,76.94528102874756,28.671574488958314
651,South West Delhi,Delhi,76.94373607635498,28.67074611419649
652,South West Delhi,Delhi,76.93747043609619,28.67010600194043
653,South West Delhi,Delhi,76.9332218170166,28.66517324103785
654,South West Delhi,Delhi,76.93257808685303,28.661821843542384
655,South West Delhi,Delhi,76.93099021911621,28.65880925995925
656,South West Delhi,Delhi,76.92451000213623,28.649582684196726
657,South West Delhi,Delhi,76.92923069000244,28.645703514027513
658,South West Delhi,Delhi,76.93099021911621,28.642765794552524
659,South West Delhi,Delhi,76.93995952606201,28.634893807332748
660,South West Delhi,Delhi,76.94468021392822,28.633123470491956
661,South West Delhi,Delhi,76.94236278533936,28.627247244785366
662,South West Delhi,Delhi,76.9407320022583,28.625213090007232
663,South West Delhi,Delhi,76.93541049957275,28.61843228941532
664,South West Delhi,Delhi,76.9333505630493,28.619185733328976
665,South West Delhi,Delhi,76.92729949951172,28.623668612832077
666,South West Delhi,Delhi,76.9242525100708,28.627510928629835
667,South West Delhi,Delhi,76.92107677459717,28.6306374151518
668,South West Delhi,Delhi,76.91905975341797,28.63150377445564
669,South West Delhi,Delhi,76.9141674041748,28.632068787539954
670,South West Delhi,Delhi,76.90863132476807,28.62705889877666
671,West Delhi,Delhi,76.97725296020508,28.6573405940715
672,West Delhi,Delhi,76.9740343093872,28.65737825242822
673,West Delhi,Delhi,76.97107315063477,28.658206732853312
674,West Delhi,Delhi,76.97107315063477,28.65877160211658
675,West Delhi,Delhi,76.9668674468994,28.659788359120373
676,West Delhi,Delhi,76.96296215057373,28.661144019784825
677,West Delhi,Delhi,76.95064544677734,28.669428231759998
678,West Delhi,Delhi,76.95103168487549,28.670520192670285
679,West Delhi,Delhi,76.95459365844727,28.66957884773452
680,West Delhi,Delhi,76.95566654205322,28.67172510184772
681,West Delhi,Delhi,76.95622444152832,28.678088298607744
682,West Delhi,Delhi,76.95742607116699,28.684112270704386
683,West Delhi,Delhi,76.95948600769043,28.687651192731252
684,West Delhi,Delhi,76.96326255798338,28.6920558541258
685,West Delhi,Delhi,76.96347713470459,28.69344874266577
686,West Delhi,Delhi,76.96613788604736,28.697552009289293
687,West Delhi,Delhi,76.96802616119385,28.69920832822563
688,West Delhi,Delhi,76.96890592575073,28.699076576542588
689,West Delhi,Delhi,76.97042942047119,28.700262335718936
690,West Delhi,Delhi,76.97373390197754,28.700714049966482
691,West Delhi,Delhi,76.97678089141846,28.70007412087368
692,West Delhi,Delhi,76.9762659072876,28.69913304156993
693,West Delhi,Delhi,76.97600841522217,28.69807902270324
694,West Delhi,Delhi,76.97656631469727,28.69781551632797
695,West Delhi,Delhi,76.9767379760742,28.697100281393805
696,West Delhi,Delhi,76.97875499725342,28.695745086009595
697,West Delhi,Delhi,76.97901248931885,28.695255705586554
698,West Delhi,Delhi,76.98459148406982,28.689081786836304
699,West Delhi,Delhi,76.99368953704834,28.682719257954624
700,West Delhi,Delhi,77.0002555847168,28.679142518735606
701,West Delhi,Delhi,77.00201511383057,28.679519023352757
702,West Delhi,Delhi,77.0077657699585,28.686182931088236
703,West Delhi,Delhi,77.01051235198975,28.690399422008383
704,West Delhi,Delhi,77.01274394989014,28.69510512653453
705,West Delhi,Delhi,77.02016830444335,28.695218060843853
706,West Delhi,Delhi,77.0311975479126,28.696535618782775
707,West Delhi,Delhi,77.03853607177734,28.69807902270324
708,West Delhi,Delhi,77.04299926757812,28.69597095312546
709,West Delhi,Delhi,77.0460033416748,28.69310993364562
710,West Delhi,Delhi,77.05347061157227,28.682305115455815
711,West Delhi,Delhi,77.0606803894043,28.689420608892938
712,West Delhi,Delhi,77.06218242645264,28.690211189427647
713,West Delhi,Delhi,77.06750392913817,28.686785297329834
714,West Delhi,Delhi,77.07385540008545,28.68863002238851
715,West Delhi,Delhi,77.07582950592041,28.68460170321756
716,West Delhi,Delhi,77.08990573883057,28.683434591140603
717,West Delhi,Delhi,77.09192276000977,28.686145283083103
718,West Delhi,Delhi,77.1051836013794,28.684865242854126
719,West Delhi,Delhi,77.113938331604,28.68061087908905
720,West Delhi,Delhi,77.11947441101073,28.681966270375046
721,West Delhi,Delhi,77.12192058563232,28.68418756816298
722,West Delhi,Delhi,77.12762832641602,28.6810250282874
723,West Delhi,Delhi,77.13200569152832,28.68057322908072
724,West Delhi,Delhi,77.13393688201903,28.682342764841568
725,West Delhi,Delhi,77.1668529510498,28.673984269208383
726,West Delhi,Delhi,77.16556549072266,28.662725601734138
727,West Delhi,Delhi,77.15256214141846,28.654177243817966
728,West Delhi,Delhi,77.13191986083984,28.630260734962942
729,West Delhi,Delhi,77.1295166015625,28.63643811933529
730,West Delhi,Delhi,77.10484027862549,28.61270593900667
731,West Delhi,Delhi,77.09707260131836,28.60882540566877
732,West Delhi,Delhi,77.08183765411377,28.61530543940374
733,West Delhi,Delhi,77.06514358520508,28.623404919336203
734,West Delhi,Delhi,77.06076622009277,28.617867202932327
735,West Delhi,Delhi,77.05737590789795,28.61722676790882
736,West Delhi,Delhi,77.05274105072021,28.61771651268995
737,West Delhi,Delhi,77.05141067504881,28.615719846564314
738,West Delhi,Delhi,77.05441474914551,28.61101057799831
739,West Delhi,Delhi,77.05364227294922,28.608674702453236
740,West Delhi,Delhi,77.05201148986816,28.60709230563747
741,West Delhi,Delhi,77.0494794845581,28.60709230563747
742,West Delhi,Delhi,77.04900741577148,28.605585238891614
743,West Delhi,Delhi,77.04720497131348,28.60547220801419
744,West Delhi,Delhi,77.04660415649414,28.607054629232294
745,West Delhi,Delhi,77.03965187072754,28.606941599935734
746,West Delhi,Delhi,77.03656196594238,28.603060853661223
747,West Delhi,Delhi,77.03295707702637,28.61391151240845
748,West Delhi,Delhi,77.0332145690918,28.615606826591765
749,West Delhi,Delhi,77.03402996063232,28.616397963845245
750,West Delhi,Delhi,77.03136920928955,28.618243927592207
751,West Delhi,Delhi,77.0282793045044,28.620052187146232
752,West Delhi,Delhi,77.01291561126708,28.62430900856464
753,West Delhi,Delhi,77.00849533081055,28.623404919336203
754,West Delhi,Delhi,77.00557708740234,28.630675083096314
755,West Delhi,Delhi,77.00235843658447,28.638020073917573
756,West Delhi,Delhi,77.0015001296997,28.641786536444656
757,West Delhi,Delhi,76.99952602386475,28.64713468088927
758,West Delhi,Delhi,76.99961185455322,28.649620345339766
759,West Delhi,Delhi,77.00180053710938,28.651352743299093
760,West Delhi,Delhi,76.99810981750487,28.65319809225397
761,West Delhi,Delhi,76.99549198150633,28.654177243817966
762,West Delhi,Delhi,76.9947624206543,28.65526936362149
763,West Delhi,Delhi,76.9928741455078,28.656323813327337
764,West Delhi,Delhi,76.99304580688477,28.658206732853312
765,West Delhi,Delhi,76.98845386505127,28.660654477678438
766,West Delhi,Delhi,76.97982788085938,28.654252562790315
767,West Delhi,Delhi,76.97725296020508,28.6573405940715
768,North West Delhi,Delhi,77.13406562805176,28.682305115455815
769,North West Delhi,Delhi,77.13191986083984,28.68057322908072
770,North West Delhi,Delhi,77.12762832641602,28.6810250282874
771,North West Delhi,Delhi,77.12192058563232,28.68418756816298
772,North West Delhi,Delhi,77.11947441101073,28.681966270375046
773,North West Delhi,Delhi,77.113938331604,28.680648529083836
774,North West Delhi,Delhi,77.10522651672363,28.684865242854126
775,North West Delhi,Delhi,77.09187984466553,28.686107635064403
776,North West Delhi,Delhi,77.0899486541748,28.683396942147358
777,North West Delhi,Delhi,77.07587242126465,28.68460170321756
778,North West Delhi,Delhi,77.07385540008545,28.688667669500266
779,North West Delhi,Delhi,77.06746101379395,28.686822945104904
780,North West Delhi,Delhi,77.06222534179688,28.69024883597087
781,North West Delhi,Delhi,77.06072330474854,28.689458255720428
782,North West Delhi,Delhi,77.0535135269165,28.682342764841568
783,North West Delhi,Delhi,77.04596042633057,28.693147579146437
784,North West Delhi,Delhi,77.04304218292236,28.69597095312546
785,North West Delhi,Delhi,77.03857898712157,28.69811666641697
786,North West Delhi,Delhi,77.03124046325684,28.696535618782775
787,North West Delhi,Delhi,77.02012538909912,28.695218060843853
788,North West Delhi,Delhi,77.0127010345459,28.69510512653453
789,North West Delhi,Delhi,77.01051235198975,28.690437068483927
790,North West Delhi,Delhi,77.0077657699585,28.686145283083103
791,North West Delhi,Delhi,77.00201511383057,28.679519023352757
792,North West Delhi,Delhi,77.00034141540527,28.67906721764978
793,North West Delhi,Delhi,76.99368953704834,28.682681608704236
794,North West Delhi,Delhi,76.98459148406982,28.689044139873424
795,North West Delhi,Delhi,76.97901248931885,28.695236883216893
796,North West Delhi,Delhi,76.97877645492554,28.695745086009595
797,North West Delhi,Delhi,76.9767165184021,28.697100281393805
798,North West Delhi,Delhi,76.97656631469727,28.69781551632797
799,North West Delhi,Delhi,76.97600841522217,28.69807902270324
800,North West Delhi,Delhi,76.9762659072876,28.699114219897524
801,North West Delhi,Delhi,76.97680234909058,28.700092942373445
802,North West Delhi,Delhi,76.97375535964966,28.700732871351136
803,North West Delhi,Delhi,76.97042942047119,28.700262335718936
804,North West Delhi,Delhi,76.96892738342285,28.699076576542588
805,North West Delhi,Delhi,76.96802616119385,28.69920832822563
806,North West Delhi,Delhi,76.94811344146729,28.712382658846966
807,North West Delhi,Delhi,76.95090293884277,28.71776483654772
808,North West Delhi,Delhi,76.95656776428223,28.72416286924197
809,North West Delhi,Delhi,76.95974349975586,28.72943154336966
810,North West Delhi,Delhi,76.96000099182129,28.732592620380537
811,North West Delhi,Delhi,76.9588851928711,28.735226778189695
812,North West Delhi,Delhi,76.95613861083984,28.737936128379758
813,North West Delhi,Delhi,76.95854187011719,28.742903087935336
814,North West Delhi,Delhi,76.95270538330078,28.74854707351165
815,North West Delhi,Delhi,76.94455146789551,28.75404025991779
816,North West Delhi,Delhi,76.94592475891113,28.75750157143294
817,North West Delhi,Delhi,76.94785594940186,28.759721265166185
818,North West Delhi,Delhi,76.95043087005614,28.762881425661607
819,North West Delhi,Delhi,76.95330619812012,28.765289102776613
820,North West Delhi,Delhi,76.95562362670898,28.76765910569123
821,North West Delhi,Delhi,76.95510864257812,28.76961525802771
822,North West Delhi,Delhi,76.95000171661377,28.775483495017376
823,North West Delhi,Delhi,76.94837093353271,28.779809227612986
824,North West Delhi,Delhi,76.95158958435059,28.78721897876477
825,North West Delhi,Delhi,76.95394992828369,28.790340695980362
826,North West Delhi,Delhi,76.94918632507324,28.7951171185097
827,North West Delhi,Delhi,76.94794178009033,28.796019724953165
828,North West Delhi,Delhi,76.9467830657959,28.797448835837734
829,North West Delhi,Delhi,76.94416522979736,28.79823859923619
830,North West Delhi,Delhi,76.94223403930663,28.798351422090327
831,North West Delhi,Delhi,76.94352149963377,28.801660838144187
832,North West Delhi,Delhi,76.94583892822264,28.804631701674158
833,North West Delhi,Delhi,76.94674015045166,28.808091334727298
834,North West Delhi,Delhi,76.94545269012451,28.809745901231135
835,North West Delhi,Delhi,76.94716930389403,28.812340509424537
836,North West Delhi,Delhi,76.94738388061523,28.813581386150762
837,North West Delhi,Delhi,76.94828510284424,28.814220619907392
838,North West Delhi,Delhi,76.94918632507324,28.81610069645424
839,North West Delhi,Delhi,76.95111751556396,28.818243942320734
840,North West Delhi,Delhi,76.96171760559082,28.81489745137375
841,North West Delhi,Delhi,76.96489334106445,28.820161545972045
842,North West Delhi,Delhi,76.9638204574585,28.822567900593533
843,North West Delhi,Delhi,76.96446418762207,28.824598219049562
844,North West Delhi,Delhi,76.96579456329346,28.827681219514687
845,North West Delhi,Delhi,76.97163105010986,28.827606025467656
846,North West Delhi,Delhi,76.97429180145264,28.82565096118061
847,North West Delhi,Delhi,76.97596549987793,28.822755894706358
848,North West Delhi,Delhi,76.98021411895752,28.821627924938085
849,North West Delhi,Delhi,76.98480606079102,28.82655330310612
850,North West Delhi,Delhi,76.98656558990479,28.829711438254066
851,North West Delhi,Delhi,76.98708057403564,28.834486055882007
852,North West Delhi,Delhi,76.9878101348877,28.836854485711072
853,North West Delhi,Delhi,77.03149795532227,28.836854485711072
854,North West Delhi,Delhi,77.04977989196777,28.87323881924083
855,North West Delhi,Delhi,77.06544399261475,28.872863013115218
856,North West Delhi,Delhi,77.07574367523192,28.884324488423772
857,North West Delhi,Delhi,77.08325386047363,28.874554129976577
858,North West Delhi,Delhi,77.1289587020874,28.856025504428256
859,North West Delhi,Delhi,77.1390438079834,28.841628775633485
860,North West Delhi,Delhi,77.16436386108398,28.860648574183962
861,North West Delhi,Delhi,77.18363285064697,28.862076798071246
862,North West Delhi,Delhi,77.2093391418457,28.85895723104657
863,North West Delhi,Delhi,77.2104549407959,28.84504958880599
864,North West Delhi,Delhi,77.21753597259521,28.83531313274091
865,North West Delhi,Delhi,77.21354484558105,28.813581386150762
866,North West Delhi,Delhi,77.19479084014893,28.81519826394704
867,North West Delhi,Delhi,77.19436168670654,28.802262538863445
868,North West Delhi,Delhi,77.18466281890869,28.800081357227235
869,North West Delhi,Delhi,77.1800708770752,28.783156845357773
870,North West Delhi,Delhi,77.16002941131592,28.777778036385275
871,North West Delhi,Delhi,77.15685367584229,28.76306952743621
872,North West Delhi,Delhi,77.14303493499756,28.7536640234914
873,North West Delhi,Delhi,77.17556476593018,28.735452560055272
874,North West Delhi,Delhi,77.19388961791992,28.730033660647283
875,North West Delhi,Delhi,77.20770835876465,28.71317306592954
876,North West Delhi,Delhi,77.19612121582031,28.693486388044786
877,North West Delhi,Delhi,77.17921257019043,28.683698133714273
878,North West Delhi,Delhi,77.16625213623047,28.683660484815782
879,North West Delhi,Delhi,77.16689586639404,28.673984269208383
880,North West Delhi,Delhi,77.13406562805176,28.682305115455815
881,North Delhi,Delhi,77.15689659118652,28.76306952743621
882,North Delhi,Delhi,77.16002941131592,28.777778036385275
883,North Delhi,Delhi,77.18002796173096,28.783156845357773
884,North Delhi,Delhi,77.18461990356445,28.800043750246953
885,North Delhi,Delhi,77.21534729003906,28.749374832418397
886,North Delhi,Delhi,77.22779273986816,28.750202584764573
887,North Delhi,Delhi,77.23800659179688,28.737710351880384
888,North Delhi,Delhi,77.22453117370605,28.6972885015872
889,North Delhi,Delhi,77.22633361816405,28.675339746241473
890,North Delhi,Delhi,77.23807096481323,28.660485020262787
891,North Delhi,Delhi,77.24255561828613,28.649770989776663
892,North Delhi,Delhi,77.20513343811035,28.647097018853636
893,North Delhi,Delhi,77.2046399116516,28.652670853009216
894,North Delhi,Delhi,77.19303131103516,28.658733944260376
895,North Delhi,Delhi,77.17352628707886,28.66528620762573
896,North Delhi,Delhi,77.16556549072266,28.662706773517932
897,North Delhi,Delhi,77.1668529510498,28.673984269208383
898,North Delhi,Delhi,77.16620922088623,28.683660484815782
899,North Delhi,Delhi,77.17921257019043,28.683698133714273
900,North Delhi,Delhi,77.18770980834961,28.68863002238851
901,North Delhi,Delhi,77.19612121582031,28.693524033410238
902,North Delhi,Delhi,77.20770835876465,28.71317306592954
903,North Delhi,Delhi,77.19388961791992,28.730033660647283
904,North Delhi,Delhi,77.17560768127441,28.73541492977822
905,North Delhi,Delhi,77.14303493499756,28.7536640234914
906,North Delhi,Delhi,77.15689659118652,28.76306952743621
907,North East Delhi,Delhi,77.18461990356445,28.800081357227235
908,North East Delhi,Delhi,77.19440460205078,28.802262538863445
909,North East Delhi,Delhi,77.20268726348877,28.78951326196631
910,North East Delhi,Delhi,77.22478866577148,28.787519871241077
911,North East Delhi,Delhi,77.21710681915283,28.781802765727463
912,North East Delhi,Delhi,77.23774909973145,28.75923218416008
913,North East Delhi,Delhi,77.25315570831299,28.752761050537202
914,North East Delhi,Delhi,77.25633144378662,28.739892837605233
915,North East Delhi,Delhi,77.25989341735838,28.738086645774995
916,North East Delhi,Delhi,77.27688789367676,28.734474168447928
917,North East Delhi,Delhi,77.28487014770506,28.71275904391691
918,North East Delhi,Delhi,77.32366561889647,28.71577007571777
919,North East Delhi,Delhi,77.31971740722655,28.70383835346197
920,North East Delhi,Delhi,77.33078956604004,28.68840413943363
921,North East Delhi,Delhi,77.3322057723999,28.682869854820883
922,North East Delhi,Delhi,77.32435226440428,28.679029567086562
923,North East Delhi,Delhi,77.32340812683105,28.67631869096929
924,North East Delhi,Delhi,77.32327938079834,28.673005302666493
925,North East Delhi,Delhi,77.2998046875,28.672892344399934
926,North East Delhi,Delhi,77.23809242248535,28.66050384887806
927,North East Delhi,Delhi,77.22633361816405,28.67530209433848
928,North East Delhi,Delhi,77.22453117370605,28.6972885015872
929,North East Delhi,Delhi,77.23800659179688,28.737747981330827
930,North East Delhi,Delhi,77.22779273986816,28.750202584764573
931,North East Delhi,Delhi,77.2153902053833,28.749374832418397
932,North East Delhi,Delhi,77.18461990356445,28.800081357227235
933,East Delhi,Delhi,77.23807096481323,28.660485020262787
934,East Delhi,Delhi,77.2998046875,28.67291117078615
935,East Delhi,Delhi,77.31156349182129,28.67291117078615
936,East Delhi,Delhi,77.32327938079834,28.673005302666493
937,East Delhi,Delhi,77.3232364654541,28.670783767736832
938,East Delhi,Delhi,77.31122016906738,28.644441811255867
939,East Delhi,Delhi,77.3344373703003,28.626964725645568
940,East Delhi,Delhi,77.33615398406982,28.608750054088024
941,East Delhi,Delhi,77.30701446533203,28.59671194513925
942,East Delhi,Delhi,77.29383945465088,28.57971683713688
943,East Delhi,Delhi,77.2402811050415,28.63012889657747
944,East Delhi,Delhi,77.24255561828613,28.649770989776663
945,East Delhi,Delhi,77.23807096481323,28.660485020262787
946,Central Delhi,Delhi,77.17238903045654,28.63412164280861
947,Central Delhi,Delhi,77.15254068374634,28.654158414066416
948,Central Delhi,Delhi,77.16556549072266,28.662706773517932
949,Central Delhi,Delhi,77.17352628707886,28.66528620762573
950,Central Delhi,Delhi,77.19303131103516,28.658733944260376
951,Central Delhi,Delhi,77.2046399116516,28.652670853009216
952,Central Delhi,Delhi,77.20513343811035,28.647097018853636
953,Central Delhi,Delhi,77.24253416061401,28.649770989776663
954,Central Delhi,Delhi,77.2402811050415,28.63014773064269
955,Central Delhi,Delhi,77.24815607070923,28.620541918749836
956,Central Delhi,Delhi,77.25010871887207,28.61310151930448
957,Central Delhi,Delhi,77.24710464477539,28.61283779927148
958,Central Delhi,Delhi,77.23955154418945,28.61308268218122
959,Central Delhi,Delhi,77.23998069763184,28.607544421445567
960,Central Delhi,Delhi,77.23191261291504,28.602307294076848
961,Central Delhi,Delhi,77.23193407058714,28.594827922229367
962,Central Delhi,Delhi,77.23468065261841,28.59251052773616
963,Central Delhi,Delhi,77.23358631134032,28.592190233421835
964,Central Delhi,Delhi,77.22405910491943,28.590626429520587
965,Central Delhi,Delhi,77.21515417098998,28.589420588941604
966,Central Delhi,Delhi,77.21270799636841,28.58928869928918
967,Central Delhi,Delhi,77.21264362335205,28.591323549795966
968,Central Delhi,Delhi,77.20955371856688,28.591172821479496
969,Central Delhi,Delhi,77.20740795135498,28.595732257440734
970,Central Delhi,Delhi,77.20433950424194,28.5964105037431
971,Central Delhi,Delhi,77.19933986663818,28.59584529879506
972,Central Delhi,Delhi,77.19597101211548,28.595317771434694
973,Central Delhi,Delhi,77.19582080841064,28.59081484086168
974,Central Delhi,Delhi,77.19079971313477,28.581846086546022
975,Central Delhi,Delhi,77.1854567527771,28.58308969900216
976,Central Delhi,Delhi,77.17502832412718,28.587216125880108
977,Central Delhi,Delhi,77.16876268386841,28.596391663627116
978,Central Delhi,Delhi,77.18101501464844,28.624497359507227
979,Central Delhi,Delhi,77.17238903045654,28.63412164280861
980,Mumbai,Maharashtra,72.78210639953613,19.25694433426953
981,Mumbai,Maharashtra,72.80021667480469,19.246815474023204
982,Mumbai,Maharashtra,72.81909942626953,19.236685988544533
983,Mumbai,Maharashtra,72.82218933105469,19.245843070542932
984,Mumbai,Maharashtra,72.82879829406738,19.251029155849835
985,Mumbai,Maharashtra,72.83429145812988,19.251596373985418
986,Mumbai,Maharashtra,72.83720970153809,19.25297389557842
987,Mumbai,Maharashtra,72.83738136291504,19.25532375865719
988,Mumbai,Maharashtra,72.8342056274414,19.25961824902078
989,Mumbai,Maharashtra,72.83472061157227,19.263102375547582
990,Mumbai,Maharashtra,72.83738136291504,19.266343357007557
991,Mumbai,Maharashtra,72.8404712677002,19.26844996059494
992,Mumbai,Maharashtra,72.84562110900879,19.268855073565415
993,Mumbai,Maharashtra,72.85643577575684,19.267072569005556
994,Mumbai,Maharashtra,72.87291526794434,19.26156288690918
995,Mumbai,Maharashtra,72.87943840026855,19.270232450174905
996,Mumbai,Maharashtra,72.88742065429688,19.262859299355174
997,Mumbai,Maharashtra,72.91643142700195,19.262697248360013
998,Mumbai,Maharashtra,72.95290946960449,19.26950325223538
999,Mumbai,Maharashtra,72.96415328979492,19.264317751103718
1000,Mumbai,Maharashtra,72.9686164855957,19.25378419699441
1001,Mumbai,Maharashtra,72.96586990356444,19.248436133685466
1002,Mumbai,Maharashtra,72.94690132141113,19.214966265709588
1003,Mumbai,Maharashtra,72.94595718383789,19.2093737828249
1004,Mumbai,Maharashtra,72.94252395629881,19.202241064923054
1005,Mumbai,Maharashtra,72.95145034790039,19.188866385358153
1006,Mumbai,Maharashtra,72.96260833740234,19.177355185058286
1007,Mumbai,Maharashtra,72.96689987182617,19.175247413358512
1008,Mumbai,Maharashtra,72.96775817871094,19.171842494421483
1009,Mumbai,Maharashtra,72.97239303588867,19.172247845603383
1010,Mumbai,Maharashtra,72.98170566558838,19.178733328896726
1011,Mumbai,Maharashtra,72.98380851745605,19.178895462707946
1012,Mumbai,Maharashtra,72.98054695129395,19.15935718981776
1013,Mumbai,Maharashtra,72.97943115234375,19.149870969289765
1014,Mumbai,Maharashtra,72.96741485595703,19.121084655262027
1015,Mumbai,Maharashtra,72.96235084533691,19.109163219976303
1016,Mumbai,Maharashtra,72.9598617553711,19.098944162807435
1017,Mumbai,Maharashtra,72.95814514160156,19.08028870094175
1018,Mumbai,Maharashtra,72.95969009399414,19.070716822221783
1019,Mumbai,Maharashtra,72.96346664428711,19.061793386528766
1020,Mumbai,Maharashtra,72.96432495117188,19.053680755522173
1021,Mumbai,Maharashtra,72.9627799987793,19.037941120053063
1022,Mumbai,Maharashtra,72.95625686645508,19.02593255965676
1023,Mumbai,Maharashtra,72.9243278503418,19.002562062795427
1024,Mumbai,Maharashtra,72.91445732116699,18.996637769301994
1025,Mumbai,Maharashtra,72.90613174438477,18.993959594805983
1026,Mumbai,Maharashtra,72.90596008300781,18.99071326491906
1027,Mumbai,Maharashtra,72.89514541625977,18.994608853186378
1028,Mumbai,Maharashtra,72.88484573364258,18.992336437775784
1029,Mumbai,Maharashtra,72.88158416748047,19.00467203419329
1030,Mumbai,Maharashtra,72.86699295043945,19.00191283544326
1031,Mumbai,Maharashtra,72.86012649536133,18.990550946762966
1032,Mumbai,Maharashtra,72.86197185516357,18.981257968491263
1033,Mumbai,Maharashtra,72.85798072814941,18.977767895126252
1034,Mumbai,Maharashtra,72.8527021408081,18.967581332734866
1035,Mumbai,Maharashtra,72.85102844238281,18.957394147853698
1036,Mumbai,Maharashtra,72.84956932067871,18.954634165936834
1037,Mumbai,Maharashtra,72.8439474105835,18.933892253144688
1038,Mumbai,Maharashtra,72.84557819366455,18.92634171961962
1039,Mumbai,Maharashtra,72.84557819366455,18.925164455149083
1040,Mumbai,Maharashtra,72.84029960632324,18.91960278327717
1041,Mumbai,Maharashtra,72.83909797668457,18.919318605292297
1042,Mumbai,Maharashtra,72.83188819885254,18.914934083731907
1043,Mumbai,Maharashtra,72.82995700836182,18.91274177983438
1044,Mumbai,Maharashtra,72.82793998718262,18.91115843136706
1045,Mumbai,Maharashtra,72.8252363204956,18.906814295772328
1046,Mumbai,Maharashtra,72.82236099243164,18.90523089119244
1047,Mumbai,Maharashtra,72.81965732574463,18.90320086339794
1048,Mumbai,Maharashtra,72.81914234161377,18.901008405715206
1049,Mumbai,Maharashtra,72.81708240509033,18.897922675868084
1050,Mumbai,Maharashtra,72.8135633468628,18.892644321876922
1051,Mumbai,Maharashtra,72.79948711395262,18.877539189577927
1052,Mumbai,Maharashtra,72.79995918273926,18.884279820152607
1053,Mumbai,Maharashtra,72.80304908752441,18.891426216551345
1054,Mumbai,Maharashtra,72.80485153198242,18.894349654443275
1055,Mumbai,Maharashtra,72.80261993408203,18.896623404174726
1056,Mumbai,Maharashtra,72.80399322509766,18.899140733920312
1057,Mumbai,Maharashtra,72.80304908752441,18.90344446803381
1058,Mumbai,Maharashtra,72.80270576477051,18.907017295275605
1059,Mumbai,Maharashtra,72.8038215637207,18.910265253823567
1060,Mumbai,Maharashtra,72.82038688659668,18.929995246195972
1061,Mumbai,Maharashtra,72.82210350036621,18.933973439822676
1062,Mumbai,Maharashtra,72.82279014587402,18.937951538698645
1063,Mumbai,Maharashtra,72.82167434692383,18.94355319071501
1064,Mumbai,Maharashtra,72.81832695007324,18.948180500610118
1065,Mumbai,Maharashtra,72.81317710876465,18.9528076822081
1066,Mumbai,Maharashtra,72.80871391296387,18.953944163322795
1067,Mumbai,Maharashtra,72.80399322509766,18.949641729713196
1068,Mumbai,Maharashtra,72.80210494995116,18.948099320840356
1069,Mumbai,Maharashtra,72.79987335205078,18.947368701135563
1070,Mumbai,Maharashtra,72.79712677001953,18.944202645456503
1071,Mumbai,Maharashtra,72.79489517211914,18.93884456827894
1072,Mumbai,Maharashtra,72.79317855834961,18.93835746182721
1073,Mumbai,Maharashtra,72.79146194458008,18.93876338396899
1074,Mumbai,Maharashtra,72.7924919128418,18.944202645456503
1075,Mumbai,Maharashtra,72.7913761138916,18.945826271255413
1076,Mumbai,Maharashtra,72.79094696044922,18.94923583402353
1077,Mumbai,Maharashtra,72.79815673828124,18.959139406967413
1078,Mumbai,Maharashtra,72.7994441986084,18.96262987040622
1079,Mumbai,Maharashtra,72.80219078063965,18.967013139608905
1080,Mumbai,Maharashtra,72.8004741668701,18.968230693936018
1081,Mumbai,Maharashtra,72.80219078063965,18.972694983715265
1082,Mumbai,Maharashtra,72.80485153198242,18.97569816592184
1083,Mumbai,Maharashtra,72.80476570129395,18.978457799147563
1084,Mumbai,Maharashtra,72.8075122833252,18.979350611875443
1085,Mumbai,Maharashtra,72.80665397644043,19.00085783559289
1086,Mumbai,Maharashtra,72.81180381774902,19.02236227970644
1087,Mumbai,Maharashtra,72.81635284423828,19.04037518185868
1088,Mumbai,Maharashtra,72.81600952148438,19.0441073406489
1089,Mumbai,Maharashtra,72.82047271728516,19.055059930787763
1090,Mumbai,Maharashtra,72.81781196594238,19.059927516536725
1091,Mumbai,Maharashtra,72.82047271728516,19.065768430845957
1092,Mumbai,Maharashtra,72.81781196594238,19.0775307587008
1093,Mumbai,Maharashtra,72.82356262207031,19.08758891462342
1094,Mumbai,Maharashtra,72.81935691833496,19.11183953537912
1095,Mumbai,Maharashtra,72.80536651611328,19.135518983649504
1096,Mumbai,Maharashtra,72.80021667480469,19.13701910833866
1097,Mumbai,Maharashtra,72.79515266418457,19.12846416049471
1098,Mumbai,Maharashtra,72.77970314025879,19.12846416049471
1099,Mumbai,Maharashtra,72.7792739868164,19.136978564607336
1100,Mumbai,Maharashtra,72.78536796569824,19.14678985723561
1101,Mumbai,Maharashtra,72.77695655822754,19.158708576731147
1102,Mumbai,Maharashtra,72.78322219848633,19.17913866312558
1103,Mumbai,Maharashtra,72.79077529907227,19.190406555346186
1104,Mumbai,Maharashtra,72.7818489074707,19.191946710924654
1105,Mumbai,Maharashtra,72.77403831481934,19.205726408906077
1106,Mumbai,Maharashtra,72.77395248413086,19.2080769480324
1107,Mumbai,Maharashtra,72.77515411376952,19.225988573454238
1108,Mumbai,Maharashtra,72.77712821960448,19.238630898241468
1109,Mumbai,Maharashtra,72.78210639953613,19.25694433426953
1110,Elephanta Island,Mumbai,72.9316234588623,18.95370063230706
1111,Elephanta Island,Mumbai,72.92389869689941,18.959951149170024
1112,Elephanta Island,Mumbai,72.9243278503418,18.963522767922893
1113,Elephanta Island,Mumbai,72.92741775512695,18.96733782163229
1114,Elephanta Island,Mumbai,72.93179512023926,18.96912356145736
1115,Elephanta Island,Mumbai,72.93394088745117,18.96985408587211
1116,Elephanta Island,Mumbai,72.93617248535156,18.9723703121269
1117,Elephanta Island,Mumbai,72.93926239013672,18.972532648000133
1118,Elephanta Island,Mumbai,72.94140815734863,18.970909282152192
1119,Elephanta Island,Mumbai,72.9433822631836,18.966039089744722
1120,Elephanta Island,Mumbai,72.93823242187499,18.95986997512754
1121,Elephanta Island,Mumbai,72.93771743774414,18.955486518167042
1122,Elephanta Island,Mumbai,72.93574333190918,18.950940589285583
1123,Elephanta Island,Mumbai,72.9316234588623,18.95370063230706
1124,Butcher Island,Mumbai,72.90132522583008,18.964212730910937
1125,Butcher Island,Mumbai,72.90020942687988,18.964050386935302
1126,Butcher Island,Mumbai,72.90016651153564,18.963279250892516
1127,Butcher Island,Mumbai,72.89935111999512,18.96202107390359
1128,Butcher Island,Mumbai,72.89926528930664,18.960641126935855
1129,Butcher Island,Mumbai,72.89952278137207,18.958205898550275
1130,Butcher Island,Mumbai,72.90111064910889,18.958165311109262
1131,Butcher Island,Mumbai,72.90141105651854,18.959301755723992
1132,Butcher Island,Mumbai,72.9021406173706,18.95869294707193
1133,Butcher Island,Mumbai,72.90226936340332,18.95467475423703
1134,Butcher Island,Mumbai,72.90355682373047,18.954593577626767
1135,Butcher Island,Mumbai,72.9041576385498,18.956460629668904
1136,Butcher Island,Mumbai,72.9056167602539,18.95613592646698
1137,Butcher Island,Mumbai,72.9067325592041,18.958733534384553
1138,Butcher Island,Mumbai,72.9063892364502,18.96068171377437
1139,Butcher Island,Mumbai,72.90398597717285,18.96189931433635
1140,Butcher Island,Mumbai,72.90364265441895,18.962873388384953
1141,Butcher Island,Mumbai,72.90244102478027,18.963847456743505
1142,Butcher Island,Mumbai,72.90132522583008,18.964212730910937
1143,Cross Island Battery,Mumbai,72.85143613815306,18.948728463023127
1144,Cross Island Battery,Mumbai,72.85104990005493,18.947855781294145
1145,Cross Island Battery,Mumbai,72.85171508789062,18.946983095001865
1146,Cross Island Battery,Mumbai,72.85253047943115,18.947815191335213
1147,Cross Island Battery,Mumbai,72.85227298736572,18.94846462949331
1148,Cross Island Battery,Mumbai,72.85199403762817,18.948748757892762
1149,Cross Island Battery,Mumbai,72.85143613815306,18.948728463023127
1150,Dolphin Rock,Mumbai,72.83586859703064,18.913467476205117
1151,Dolphin Rock,Mumbai,72.83533751964569,18.912787453125404
1152,Dolphin Rock,Mumbai,72.83541262149811,18.91217340005809
1153,Dolphin Rock,Mumbai,72.83590614795683,18.91191458362699
1154,Dolphin Rock,Mumbai,72.83644795417786,18.912264746938142
1155,Dolphin Rock,Mumbai,72.8366893529892,18.9129599965567
1156,Dolphin Rock,Mumbai,72.83639967441559,18.913401503937916
1157,Dolphin Rock,Mumbai,72.83586859703064,18.913467476205117
1158,Oyster Rock,Mumbai,72.8277200460434,18.90309428625822
1159,Oyster Rock,Mumbai,72.8268563747406,18.902231516437528
1160,Oyster Rock,Mumbai,72.82663106918335,18.901911782962408
1161,Oyster Rock,Mumbai,72.82675981521605,18.901845806137537
1162,Oyster Rock,Mumbai,72.82686710357666,18.90182043042873
1163,Oyster Rock,Mumbai,72.82773613929749,18.902048811669413
1164,Oyster Rock,Mumbai,72.82798290252686,18.902551249301677
1165,Oyster Rock,Mumbai,72.82788097858429,18.902977558836827
1166,Oyster Rock,Mumbai,72.8277200460434,18.90309428625822
1167,Sunk Rock,Mumbai,72.83177018165588,18.88774139399202
1168,Sunk Rock,Mumbai,72.83197402954102,18.88774139399202
1169,Sunk Rock,Mumbai,72.83223152160645,18.88751806880662
1170,Sunk Rock,Mumbai,72.8324568271637,18.886837940271025
1171,Sunk Rock,Mumbai,72.83232808113098,18.88645219450092
1172,Sunk Rock,Mumbai,72.83201694488524,18.886066447842328
1173,Sunk Rock,Mumbai,72.83168435096741,18.886056296602487
1174,Sunk Rock,Mumbai,72.83143758773804,18.886188262672608
1175,Sunk Rock,Mumbai,72.83125519752502,18.886574009050623
1176,Sunk Rock,Mumbai,72.83122301101685,18.887010510459476
1177,Sunk Rock,Mumbai,72.83177018165588,18.88774139399202
1178,Thane,Maharashtra,72.95290946960449,19.26950325223538
1179,Thane,Maharashtra,72.95393943786621,19.28108901344132
1180,Thane,Maharashtra,72.96878814697266,19.29372709102151
1181,Thane,Maharashtra,72.98835754394531,19.26585721387336
1182,Thane,Maharashtra,72.99711227416991,19.25418934620139
1183,Thane,Maharashtra,72.99942970275879,19.245843070542932
1184,Thane,Maharashtra,73.0044937133789,19.221450065678553
1185,Thane,Maharashtra,73.01891326904297,19.21277792549578
1186,Thane,Maharashtra,73.03007125854492,19.19413532827289
1187,Thane,Maharashtra,73.06393146514893,19.204672708048342
1188,Thane,Maharashtra,73.06835174560547,19.198593532843425
1189,Thane,Maharashtra,73.07350158691406,19.193811090502106
1190,Thane,Maharashtra,73.08011054992676,19.19064973876396
1191,Thane,Maharashtra,73.07779312133789,19.185948129025636
1192,Thane,Maharashtra,73.07212829589844,19.18546174794165
1193,Thane,Maharashtra,73.07024002075195,19.186515571807817
1194,Thane,Maharashtra,73.06676387786865,19.184894301527883
1195,Thane,Maharashtra,73.06466102600098,19.18606972407216
1196,Thane,Maharashtra,73.06418895721434,19.185259088732625
1197,Thane,Maharashtra,73.06440353393555,19.183191950554438
1198,Thane,Maharashtra,73.07487487792969,19.171031789066493
1199,Thane,Maharashtra,73.07659149169922,19.166005326855256
1200,Thane,Maharashtra,73.07384490966797,19.163086665556122
1201,Thane,Maharashtra,73.06654930114746,19.158384269231195
1202,Thane,Maharashtra,73.06818008422852,19.146627691849663
1203,Thane,Maharashtra,73.06663513183594,19.13592442409862
1204,Thane,Maharashtra,73.06509017944336,19.127085596640235
1205,Thane,Maharashtra,73.07341575622559,19.11905726095429
1206,Thane,Maharashtra,73.07487487792969,19.11062303374747
1207,Thane,Maharashtra,73.06654930114746,19.10600024593259
1208,Thane,Maharashtra,73.0634593963623,19.112001734920458
1209,Thane,Maharashtra,73.05994033813477,19.114434708946778
1210,Thane,Maharashtra,73.0565071105957,19.120192604830592
1211,Thane,Maharashtra,73.04946899414062,19.12668013449377
1212,Thane,Maharashtra,73.03573608398438,19.132356513983105
1213,Thane,Maharashtra,73.01762580871582,19.145979028712325
1214,Thane,Maharashtra,73.00981521606445,19.157492420317958
1215,Thane,Maharashtra,73.00724029541016,19.16422170664577
1216,Thane,Maharashtra,73.01114559173584,19.16766731922636
1217,Thane,Maharashtra,73.01084518432617,19.1741935173966
1218,Thane,Maharashtra,73.01127433776855,19.18910957105104
1219,Thane,Maharashtra,73.00363540649414,19.191379286861743
1220,Thane,Maharashtra,72.99839973449707,19.191298226121656
1221,Thane,Maharashtra,72.996768951416,19.18983912597438
1222,Thane,Maharashtra,72.9957389831543,19.18554281155542
1223,Thane,Maharashtra,72.99513816833495,19.1826244963194
1224,Thane,Maharashtra,72.98904418945312,19.179706129370356
1225,Thane,Maharashtra,72.98170566558838,19.178692795418975
1226,Thane,Maharashtra,72.97239303588867,19.172247845603383
1227,Thane,Maharashtra,72.96775817871094,19.171761424065462
1228,Thane,Maharashtra,72.96698570251465,19.175247413358512
1229,Thane,Maharashtra,72.96260833740234,19.177355185058286
1230,Thane,Maharashtra,72.95145034790039,19.188947447295703
1231,Thane,Maharashtra,72.94252395629881,19.20216000953317
1232,Thane,Maharashtra,72.94595718383789,19.2093737828249
1233,Thane,Maharashtra,72.94698715209961,19.214966265709588
1234,Thane,Maharashtra,72.96586990356444,19.248436133685466
1235,Thane,Maharashtra,72.9686164855957,19.25386522691585
1236,Thane,Maharashtra,72.96415328979492,19.264317751103718
1237,Thane,Maharashtra,72.95290946960449,19.26950325223538
